"EXPT","YR","TRIAL","LOC","ENTRY","ID","FHB09","INC","SEV","FDK","DON","HDYR","SDQ09"
"USSN",22,"USSN22ARF","ARF",1,"LINE1",0.416666666666667,NA,NA,NA,NA,NA,NA
"USSN",22,"USSN22ARF","ARF",2,"LINE2",5.83333333333333,NA,NA,NA,NA,NA,NA
"USSN",22,"USSN22ARF","ARF",3,"LINE3",0.416666666666667,NA,NA,NA,NA,NA,NA
"USSN",22,"USSN22ARF","ARF",4,"LINE4",1.66666666666667,NA,NA,NA,NA,NA,NA
"USSN",22,"USSN22ARF","ARF",5,"LINE5",7.5,NA,NA,NA,NA,NA,NA
"USSN",22,"USSN22ARF","ARF",6,"LINE6",0.416666666666667,NA,NA,NA,NA,NA,NA
"USSN",22,"USSN22ARF","ARF",7,"LINE7",0,NA,NA,NA,NA,NA,NA
"USSN",22,"USSN22ARF","ARF",8,"LINE8",1.66666666666667,NA,NA,NA,NA,NA,NA
"USSN",22,"USSN22ARF","ARF",9,"LINE9",0.416666666666667,NA,NA,NA,NA,NA,NA
"USSN",22,"USSN22ARF","ARF",10,"LINE10",1.25,NA,NA,NA,NA,NA,NA
"USSN",22,"USSN22ARF","ARF",11,"LINE11",0,NA,NA,NA,NA,NA,NA
"USSN",22,"USSN22ARF","ARF",12,"LINE12",0.416666666666667,NA,NA,NA,NA,NA,NA
"USSN",22,"USSN22ARF","ARF",13,"LINE13",0.833333333333333,NA,NA,NA,NA,NA,NA
"USSN",22,"USSN22ARF","ARF",14,"LINE14",2.91666666666667,NA,NA,NA,NA,NA,NA
"USSN",22,"USSN22ARF","ARF",15,"LINE15",1.66666666666667,NA,NA,NA,NA,NA,NA
"USSN",22,"USSN22ARF","ARF",16,"LINE16",2.08333333333333,NA,NA,NA,NA,NA,NA
"USSN",22,"USSN22ARF","ARF",17,"LINE17",2.91666666666667,NA,NA,NA,NA,NA,NA
"USSN",22,"USSN22ARF","ARF",18,"LINE18",0.833333333333333,NA,NA,NA,NA,NA,NA
"USSN",22,"USSN22ARF","ARF",19,"LINE19",0.833333333333333,NA,NA,NA,NA,NA,NA
"USSN",22,"USSN22ARF","ARF",20,"LINE20",0.416666666666667,NA,NA,NA,NA,NA,NA
"USSN",22,"USSN22ARF","ARF",21,"LINE21",2.5,NA,NA,NA,NA,NA,NA
"USSN",22,"USSN22ARF","ARF",22,"LINE22",1.25,NA,NA,NA,NA,NA,NA
"USSN",22,"USSN22ARF","ARF",23,"LINE23",2.91666666666667,NA,NA,NA,NA,NA,NA
"USSN",22,"USSN22ARF","ARF",24,"LINE24",0.833333333333333,NA,NA,NA,NA,NA,NA
"USSN",22,"USSN22ARF","ARF",25,"LINE25",0,NA,NA,NA,NA,NA,NA
"USSN",22,"USSN22ARF","ARF",26,"LINE26",0.416666666666667,NA,NA,NA,NA,NA,NA
"USSN",22,"USSN22ARF","ARF",27,"LINE27",0.416666666666667,NA,NA,NA,NA,NA,NA
"USSN",22,"USSN22ARF","ARF",28,"LINE28",1.25,NA,NA,NA,NA,NA,NA
"USSN",22,"USSN22ARF","ARF",29,"LINE29",0.416666666666667,NA,NA,NA,NA,NA,NA
"USSN",22,"USSN22ARF","ARF",30,"LINE30",2.08333333333333,NA,NA,NA,NA,NA,NA
"USSN",22,"USSN22ARF","ARF",31,"LINE31",3.75,NA,NA,NA,NA,NA,NA
"USSN",22,"USSN22ARF","ARF",32,"LINE32",3.75,NA,NA,NA,NA,NA,NA
"USSN",22,"USSN22ARF","ARF",33,"LINE33",7.08333333333333,NA,NA,NA,NA,NA,NA
"USSN",22,"USSN22ARF","ARF",34,"LINE34",4.58333333333333,NA,NA,NA,NA,NA,NA
"USSN",22,"USSN22ARF","ARF",35,"LINE35",4.58333333333333,NA,NA,NA,NA,NA,NA
"USSN",22,"USSN22ARF","ARF",36,"LINE36",2.08333333333333,NA,NA,NA,NA,NA,NA
"USSN",22,"USSN22ARF","ARF",37,"LINE37",3.75,NA,NA,NA,NA,NA,NA
"USSN",22,"USSN22ARF","ARF",38,"LINE38",1.25,NA,NA,NA,NA,NA,NA
"USSN",22,"USSN22ARF","ARF",39,"LINE39",3.33333333333333,NA,NA,NA,NA,NA,NA
"USSN",22,"USSN22ARF","ARF",40,"LINE40",2.91666666666667,NA,NA,NA,NA,NA,NA
"USSN",22,"USSN22ARF","ARF",41,"LINE41",3.75,NA,NA,NA,NA,NA,NA
"USSN",22,"USSN22ARF","ARF",42,"LINE42",5.41666666666667,NA,NA,NA,NA,NA,NA
"USSN",22,"USSN22ARF","ARF",43,"LINE43",6.66666666666667,NA,NA,NA,NA,NA,NA
"USSN",22,"USSN22ARF","ARF",44,"LINE44",2.08333333333333,NA,NA,NA,NA,NA,NA
"USSN",22,"USSN22ARF","ARF",45,"LINE45",2.91666666666667,NA,NA,NA,NA,NA,NA
"USSN",22,"USSN22ARF","ARF",46,"LINE46",2.08333333333333,NA,NA,NA,NA,NA,NA
"USSN",22,"USSN22ARF","ARF",47,"LINE47",2.5,NA,NA,NA,NA,NA,NA
"USSN",22,"USSN22ARF","ARF",48,"LINE48",1.66666666666667,NA,NA,NA,NA,NA,NA
"USSN",22,"USSN22ARF","ARF",49,"LINE49",2.91666666666667,NA,NA,NA,NA,NA,NA
"USSN",22,"USSN22ARF","ARF",50,"LINE50",2.08333333333333,NA,NA,NA,NA,NA,NA
"USSN",22,"USSN22ARF","ARF",51,"LINE51",0.833333333333333,NA,NA,NA,NA,NA,NA
"USSN",22,"USSN22ARF","ARF",52,"LINE52",1.66666666666667,NA,NA,NA,NA,NA,NA
"USSN",22,"USSN22ARF","ARF",53,"LINE53",1.66666666666667,NA,NA,NA,NA,NA,NA
"USSN",22,"USSN22ARF","ARF",54,"LINE54",1.25,NA,NA,NA,NA,NA,NA
"USSN",22,"USSN22ARF","ARF",55,"LINE55",4.16666666666667,NA,NA,NA,NA,NA,NA
"USSN",22,"USSN22ARF","ARF",56,"LINE56",1.25,NA,NA,NA,NA,NA,NA
"USSN",22,"USSN22ARF","ARF",57,"LINE57",1.25,NA,NA,NA,NA,NA,NA
"USSN",22,"USSN22ARF","ARF",58,"LINE58",1.66666666666667,NA,NA,NA,NA,NA,NA
"USSN",22,"USSN22ARF","ARF",59,"LINE59",0.833333333333333,NA,NA,NA,NA,NA,NA
"USSN",22,"USSN22ARF","ARF",60,"LINE60",2.08333333333333,NA,NA,NA,NA,NA,NA
"USSN",22,"USSN22ARF","ARF",61,"LINE61",0.833333333333333,NA,NA,NA,NA,NA,NA
"USSN",22,"USSN22ARF","ARF",62,"LINE62",2.5,NA,NA,NA,NA,NA,NA
"USSN",22,"USSN22ARF","ARF",63,"LINE63",4.16666666666667,NA,NA,NA,NA,NA,NA
"USSN",22,"USSN22ARF","ARF",64,"LINE64",2.5,NA,NA,NA,NA,NA,NA
"USSN",22,"USSN22ARF","ARF",65,"LINE65",2.5,NA,NA,NA,NA,NA,NA
"USSN",22,"USSN22ARF","ARF",66,"LINE66",1.25,NA,NA,NA,NA,NA,NA
"USSN",22,"USSN22ARN","ARN",1,"LINE1",0.185185185185185,NA,NA,NA,NA,NA,NA
"USSN",22,"USSN22ARN","ARN",2,"LINE2",4.25925925925926,NA,NA,NA,NA,NA,NA
"USSN",22,"USSN22ARN","ARN",3,"LINE3",0.185185185185185,NA,NA,NA,NA,NA,NA
"USSN",22,"USSN22ARN","ARN",4,"LINE4",0.37037037037037,NA,NA,NA,NA,NA,NA
"USSN",22,"USSN22ARN","ARN",5,"LINE5",6.85185185185185,NA,NA,NA,NA,NA,NA
"USSN",22,"USSN22ARN","ARN",6,"LINE6",0.555555555555556,NA,NA,NA,NA,NA,NA
"USSN",22,"USSN22ARN","ARN",7,"LINE7",0.555555555555556,NA,NA,NA,NA,NA,NA
"USSN",22,"USSN22ARN","ARN",8,"LINE8",1.48148148148148,NA,NA,NA,NA,NA,NA
"USSN",22,"USSN22ARN","ARN",9,"LINE9",0.185185185185185,NA,NA,NA,NA,NA,NA
"USSN",22,"USSN22ARN","ARN",10,"LINE10",0,NA,NA,NA,NA,NA,NA
"USSN",22,"USSN22ARN","ARN",11,"LINE11",0.185185185185185,NA,NA,NA,NA,NA,NA
"USSN",22,"USSN22ARN","ARN",12,"LINE12",0.740740740740741,NA,NA,NA,NA,NA,NA
"USSN",22,"USSN22ARN","ARN",13,"LINE13",0.555555555555556,NA,NA,NA,NA,NA,NA
"USSN",22,"USSN22ARN","ARN",14,"LINE14",0.555555555555556,NA,NA,NA,NA,NA,NA
"USSN",22,"USSN22ARN","ARN",15,"LINE15",0.37037037037037,NA,NA,NA,NA,NA,NA
"USSN",22,"USSN22ARN","ARN",16,"LINE16",0.925925925925926,NA,NA,NA,NA,NA,NA
"USSN",22,"USSN22ARN","ARN",17,"LINE17",1.2962962962963,NA,NA,NA,NA,NA,NA
"USSN",22,"USSN22ARN","ARN",18,"LINE18",0.740740740740741,NA,NA,NA,NA,NA,NA
"USSN",22,"USSN22ARN","ARN",19,"LINE19",0.37037037037037,NA,NA,NA,NA,NA,NA
"USSN",22,"USSN22ARN","ARN",20,"LINE20",0.740740740740741,NA,NA,NA,NA,NA,NA
"USSN",22,"USSN22ARN","ARN",21,"LINE21",2.22222222222222,NA,NA,NA,NA,NA,NA
"USSN",22,"USSN22ARN","ARN",22,"LINE22",1.85185185185185,NA,NA,NA,NA,NA,NA
"USSN",22,"USSN22ARN","ARN",23,"LINE23",2.40740740740741,NA,NA,NA,NA,NA,NA
"USSN",22,"USSN22ARN","ARN",24,"LINE24",0.555555555555556,NA,NA,NA,NA,NA,NA
"USSN",22,"USSN22ARN","ARN",25,"LINE25",0.185185185185185,NA,NA,NA,NA,NA,NA
"USSN",22,"USSN22ARN","ARN",26,"LINE26",0.185185185185185,NA,NA,NA,NA,NA,NA
"USSN",22,"USSN22ARN","ARN",27,"LINE27",0.185185185185185,NA,NA,NA,NA,NA,NA
"USSN",22,"USSN22ARN","ARN",28,"LINE28",1.48148148148148,NA,NA,NA,NA,NA,NA
"USSN",22,"USSN22ARN","ARN",29,"LINE29",0.555555555555556,NA,NA,NA,NA,NA,NA
"USSN",22,"USSN22ARN","ARN",30,"LINE30",2.03703703703704,NA,NA,NA,NA,NA,NA
"USSN",22,"USSN22ARN","ARN",31,"LINE31",2.77777777777778,NA,NA,NA,NA,NA,NA
"USSN",22,"USSN22ARN","ARN",32,"LINE32",1.66666666666667,NA,NA,NA,NA,NA,NA
"USSN",22,"USSN22ARN","ARN",33,"LINE33",4.07407407407407,NA,NA,NA,NA,NA,NA
"USSN",22,"USSN22ARN","ARN",34,"LINE34",1.85185185185185,NA,NA,NA,NA,NA,NA
"USSN",22,"USSN22ARN","ARN",35,"LINE35",4.25925925925926,NA,NA,NA,NA,NA,NA
"USSN",22,"USSN22ARN","ARN",36,"LINE36",1.11111111111111,NA,NA,NA,NA,NA,NA
"USSN",22,"USSN22ARN","ARN",37,"LINE37",0.925925925925926,NA,NA,NA,NA,NA,NA
"USSN",22,"USSN22ARN","ARN",38,"LINE38",0.740740740740741,NA,NA,NA,NA,NA,NA
"USSN",22,"USSN22ARN","ARN",39,"LINE39",0.925925925925926,NA,NA,NA,NA,NA,NA
"USSN",22,"USSN22ARN","ARN",40,"LINE40",0.925925925925926,NA,NA,NA,NA,NA,NA
"USSN",22,"USSN22ARN","ARN",41,"LINE41",1.66666666666667,NA,NA,NA,NA,NA,NA
"USSN",22,"USSN22ARN","ARN",42,"LINE42",4.25925925925926,NA,NA,NA,NA,NA,NA
"USSN",22,"USSN22ARN","ARN",43,"LINE43",2.59259259259259,NA,NA,NA,NA,NA,NA
"USSN",22,"USSN22ARN","ARN",44,"LINE44",1.85185185185185,NA,NA,NA,NA,NA,NA
"USSN",22,"USSN22ARN","ARN",45,"LINE45",1.48148148148148,NA,NA,NA,NA,NA,NA
"USSN",22,"USSN22ARN","ARN",46,"LINE46",1.48148148148148,NA,NA,NA,NA,NA,NA
"USSN",22,"USSN22ARN","ARN",47,"LINE47",1.2962962962963,NA,NA,NA,NA,NA,NA
"USSN",22,"USSN22ARN","ARN",48,"LINE48",0.555555555555556,NA,NA,NA,NA,NA,NA
"USSN",22,"USSN22ARN","ARN",49,"LINE49",1.85185185185185,NA,NA,NA,NA,NA,NA
"USSN",22,"USSN22ARN","ARN",50,"LINE50",2.77777777777778,NA,NA,NA,NA,NA,NA
"USSN",22,"USSN22ARN","ARN",51,"LINE51",0.925925925925926,NA,NA,NA,NA,NA,NA
"USSN",22,"USSN22ARN","ARN",52,"LINE52",1.48148148148148,NA,NA,NA,NA,NA,NA
"USSN",22,"USSN22ARN","ARN",53,"LINE53",0.37037037037037,NA,NA,NA,NA,NA,NA
"USSN",22,"USSN22ARN","ARN",54,"LINE54",1.85185185185185,NA,NA,NA,NA,NA,NA
"USSN",22,"USSN22ARN","ARN",55,"LINE55",2.59259259259259,NA,NA,NA,NA,NA,NA
"USSN",22,"USSN22ARN","ARN",56,"LINE56",0.555555555555556,NA,NA,NA,NA,NA,NA
"USSN",22,"USSN22ARN","ARN",57,"LINE57",0,NA,NA,NA,NA,NA,NA
"USSN",22,"USSN22ARN","ARN",58,"LINE58",0.185185185185185,NA,NA,NA,NA,NA,NA
"USSN",22,"USSN22ARN","ARN",59,"LINE59",0.37037037037037,NA,NA,NA,NA,NA,NA
"USSN",22,"USSN22ARN","ARN",60,"LINE60",2.40740740740741,NA,NA,NA,NA,NA,NA
"USSN",22,"USSN22ARN","ARN",61,"LINE61",0.37037037037037,NA,NA,NA,NA,NA,NA
"USSN",22,"USSN22ARN","ARN",62,"LINE62",2.40740740740741,NA,NA,NA,NA,NA,NA
"USSN",22,"USSN22ARN","ARN",63,"LINE63",2.77777777777778,NA,NA,NA,NA,NA,NA
"USSN",22,"USSN22ARN","ARN",64,"LINE64",2.40740740740741,NA,NA,NA,NA,NA,NA
"USSN",22,"USSN22ARN","ARN",65,"LINE65",1.11111111111111,NA,NA,NA,NA,NA,NA
"USSN",22,"USSN22ARN","ARN",66,"LINE66",1.11111111111111,NA,NA,NA,NA,NA,NA
"USSN",22,"USSN22GAP","GAP",1,"LINE1",1.4,NA,NA,NA,NA,NA,NA
"USSN",22,"USSN22GAP","GAP",2,"LINE2",3,NA,NA,NA,NA,NA,NA
"USSN",22,"USSN22GAP","GAP",3,"LINE3",NA,NA,NA,NA,NA,NA,NA
"USSN",22,"USSN22GAP","GAP",4,"LINE4",2.6,NA,NA,NA,NA,NA,NA
"USSN",22,"USSN22GAP","GAP",5,"LINE5",NA,NA,NA,NA,NA,NA,NA
"USSN",22,"USSN22GAP","GAP",6,"LINE6",NA,NA,NA,NA,NA,NA,NA
"USSN",22,"USSN22GAP","GAP",7,"LINE7",NA,NA,NA,NA,NA,NA,NA
"USSN",22,"USSN22GAP","GAP",8,"LINE8",NA,NA,NA,NA,NA,NA,NA
"USSN",22,"USSN22GAP","GAP",9,"LINE9",0.2,NA,NA,NA,NA,NA,NA
"USSN",22,"USSN22GAP","GAP",10,"LINE10",0.4,NA,NA,NA,NA,NA,NA
"USSN",22,"USSN22GAP","GAP",11,"LINE11",NA,NA,NA,NA,NA,NA,NA
"USSN",22,"USSN22GAP","GAP",12,"LINE12",0.2,NA,NA,NA,NA,NA,NA
"USSN",22,"USSN22GAP","GAP",13,"LINE13",9,NA,NA,NA,NA,NA,NA
"USSN",22,"USSN22GAP","GAP",14,"LINE14",9,NA,NA,NA,NA,NA,NA
"USSN",22,"USSN22GAP","GAP",15,"LINE15",5,NA,NA,NA,NA,NA,NA
"USSN",22,"USSN22GAP","GAP",16,"LINE16",2.4,NA,NA,NA,NA,NA,NA
"USSN",22,"USSN22GAP","GAP",17,"LINE17",7.8,NA,NA,NA,NA,NA,NA
"USSN",22,"USSN22GAP","GAP",18,"LINE18",4.2,NA,NA,NA,NA,NA,NA
"USSN",22,"USSN22GAP","GAP",19,"LINE19",6.2,NA,NA,NA,NA,NA,NA
"USSN",22,"USSN22GAP","GAP",20,"LINE20",1.4,NA,NA,NA,NA,NA,NA
"USSN",22,"USSN22GAP","GAP",21,"LINE21",0.2,NA,NA,NA,NA,NA,NA
"USSN",22,"USSN22GAP","GAP",22,"LINE22",1.4,NA,NA,NA,NA,NA,NA
"USSN",22,"USSN22GAP","GAP",23,"LINE23",4.6,NA,NA,NA,NA,NA,NA
"USSN",22,"USSN22GAP","GAP",24,"LINE24",3.4,NA,NA,NA,NA,NA,NA
"USSN",22,"USSN22GAP","GAP",25,"LINE25",0.6,NA,NA,NA,NA,NA,NA
"USSN",22,"USSN22GAP","GAP",26,"LINE26",0.2,NA,NA,NA,NA,NA,NA
"USSN",22,"USSN22GAP","GAP",27,"LINE27",0,NA,NA,NA,NA,NA,NA
"USSN",22,"USSN22GAP","GAP",28,"LINE28",0.4,NA,NA,NA,NA,NA,NA
"USSN",22,"USSN22GAP","GAP",29,"LINE29",1.4,NA,NA,NA,NA,NA,NA
"USSN",22,"USSN22GAP","GAP",30,"LINE30",0.4,NA,NA,NA,NA,NA,NA
"USSN",22,"USSN22GAP","GAP",31,"LINE31",2.4,NA,NA,NA,NA,NA,NA
"USSN",22,"USSN22GAP","GAP",32,"LINE32",2.2,NA,NA,NA,NA,NA,NA
"USSN",22,"USSN22GAP","GAP",33,"LINE33",0.2,NA,NA,NA,NA,NA,NA
"USSN",22,"USSN22GAP","GAP",34,"LINE34",0.6,NA,NA,NA,NA,NA,NA
"USSN",22,"USSN22GAP","GAP",35,"LINE35",0.2,NA,NA,NA,NA,NA,NA
"USSN",22,"USSN22GAP","GAP",36,"LINE36",0.2,NA,NA,NA,NA,NA,NA
"USSN",22,"USSN22GAP","GAP",37,"LINE37",0.2,NA,NA,NA,NA,NA,NA
"USSN",22,"USSN22GAP","GAP",38,"LINE38",0.6,NA,NA,NA,NA,NA,NA
"USSN",22,"USSN22GAP","GAP",39,"LINE39",1.2,NA,NA,NA,NA,NA,NA
"USSN",22,"USSN22GAP","GAP",40,"LINE40",0.6,NA,NA,NA,NA,NA,NA
"USSN",22,"USSN22GAP","GAP",41,"LINE41",1,NA,NA,NA,NA,NA,NA
"USSN",22,"USSN22GAP","GAP",42,"LINE42",1.2,NA,NA,NA,NA,NA,NA
"USSN",22,"USSN22GAP","GAP",43,"LINE43",0.4,NA,NA,NA,NA,NA,NA
"USSN",22,"USSN22GAP","GAP",44,"LINE44",1,NA,NA,NA,NA,NA,NA
"USSN",22,"USSN22GAP","GAP",45,"LINE45",1,NA,NA,NA,NA,NA,NA
"USSN",22,"USSN22GAP","GAP",46,"LINE46",0.4,NA,NA,NA,NA,NA,NA
"USSN",22,"USSN22GAP","GAP",47,"LINE47",0.4,NA,NA,NA,NA,NA,NA
"USSN",22,"USSN22GAP","GAP",48,"LINE48",1.2,NA,NA,NA,NA,NA,NA
"USSN",22,"USSN22GAP","GAP",49,"LINE49",0.6,NA,NA,NA,NA,NA,NA
"USSN",22,"USSN22GAP","GAP",50,"LINE50",0.4,NA,NA,NA,NA,NA,NA
"USSN",22,"USSN22GAP","GAP",51,"LINE51",0.4,NA,NA,NA,NA,NA,NA
"USSN",22,"USSN22GAP","GAP",52,"LINE52",1,NA,NA,NA,NA,NA,NA
"USSN",22,"USSN22GAP","GAP",53,"LINE53",1.2,NA,NA,NA,NA,NA,NA
"USSN",22,"USSN22GAP","GAP",54,"LINE54",0.4,NA,NA,NA,NA,NA,NA
"USSN",22,"USSN22GAP","GAP",55,"LINE55",0.4,NA,NA,NA,NA,NA,NA
"USSN",22,"USSN22GAP","GAP",56,"LINE56",0.2,NA,NA,NA,NA,NA,NA
"USSN",22,"USSN22GAP","GAP",57,"LINE57",0.2,NA,NA,NA,NA,NA,NA
"USSN",22,"USSN22GAP","GAP",58,"LINE58",0.2,NA,NA,NA,NA,NA,NA
"USSN",22,"USSN22GAP","GAP",59,"LINE59",1.2,NA,NA,NA,NA,NA,NA
"USSN",22,"USSN22GAP","GAP",60,"LINE60",1.4,NA,NA,NA,NA,NA,NA
"USSN",22,"USSN22GAP","GAP",61,"LINE61",0.2,NA,NA,NA,NA,NA,NA
"USSN",22,"USSN22GAP","GAP",62,"LINE62",1.4,NA,NA,NA,NA,NA,NA
"USSN",22,"USSN22GAP","GAP",63,"LINE63",2,NA,NA,NA,NA,NA,NA
"USSN",22,"USSN22GAP","GAP",64,"LINE64",0.8,NA,NA,NA,NA,NA,NA
"USSN",22,"USSN22GAP","GAP",65,"LINE65",0.8,NA,NA,NA,NA,NA,NA
"USSN",22,"USSN22GAP","GAP",66,"LINE66",NA,NA,NA,NA,NA,NA,NA
"USSN",22,"USSN22ILU","ILU",1,"LINE1",1.12,55.65,12.32,18.79,NA,134.56,NA
"USSN",22,"USSN22ILU","ILU",2,"LINE2",8.40090909090909,91.26,92.41,83.53,NA,138.53,NA
"USSN",22,"USSN22ILU","ILU",3,"LINE3",3.08545454545455,51.28,33.94,32.98,NA,138.08,NA
"USSN",22,"USSN22ILU","ILU",4,"LINE4",1.94818181818182,75.59,21.43,30.33,NA,135.98,NA
"USSN",22,"USSN22ILU","ILU",5,"LINE5",8.33090909090909,96.82,91.64,92.39,NA,137.57,NA
"USSN",22,"USSN22ILU","ILU",6,"LINE6",1.14545454545455,61.04,12.6,20.21,NA,137.52,NA
"USSN",22,"USSN22ILU","ILU",7,"LINE7",3.44181818181818,94.48,37.86,53.76,NA,138,NA
"USSN",22,"USSN22ILU","ILU",8,"LINE8",2.73272727272727,80.87,30.06,59.55,NA,139.04,NA
"USSN",22,"USSN22ILU","ILU",9,"LINE9",0.282727272727273,12.98,3.11,19.5,NA,138,NA
"USSN",22,"USSN22ILU","ILU",10,"LINE10",0.646363636363636,24.52,7.11,28.7,NA,137.47,NA
"USSN",22,"USSN22ILU","ILU",11,"LINE11",1.00454545454545,41.19,11.05,20.9,NA,138.57,NA
"USSN",22,"USSN22ILU","ILU",12,"LINE12",3.07272727272727,72.99,33.8,22.86,NA,138.45,NA
"USSN",22,"USSN22ILU","ILU",13,"LINE13",1.35636363636364,30.21,14.92,52.87,NA,140.98,NA
"USSN",22,"USSN22ILU","ILU",14,"LINE14",4.17909090909091,76.89,45.97,38.9,NA,137.48,NA
"USSN",22,"USSN22ILU","ILU",15,"LINE15",1.05272727272727,74.78,11.58,31.26,NA,133.95,NA
"USSN",22,"USSN22ILU","ILU",16,"LINE16",4.73272727272727,74.64,52.06,61.35,NA,136.94,NA
"USSN",22,"USSN22ILU","ILU",17,"LINE17",2.68909090909091,80.76,29.58,66.87,NA,136.47,NA
"USSN",22,"USSN22ILU","ILU",18,"LINE18",1.04363636363636,17.01,11.48,46.84,NA,139.99,NA
"USSN",22,"USSN22ILU","ILU",19,"LINE19",0.63,10.14,6.93,26.49,NA,137.95,NA
"USSN",22,"USSN22ILU","ILU",20,"LINE20",2.16818181818182,72.03,23.85,33.29,NA,136.01,NA
"USSN",22,"USSN22ILU","ILU",21,"LINE21",6.17272727272727,96.14,67.9,43.94,NA,136.99,NA
"USSN",22,"USSN22ILU","ILU",22,"LINE22",6.11909090909091,48.61,67.31,61.95,NA,139.02,NA
"USSN",22,"USSN22ILU","ILU",23,"LINE23",5.74818181818182,88.8,63.23,65.48,NA,138.06,NA
"USSN",22,"USSN22ILU","ILU",24,"LINE24",1.59181818181818,55.38,17.51,16.54,NA,138.02,NA
"USSN",22,"USSN22ILU","ILU",25,"LINE25",0.616363636363636,2.5,6.78,11.54,NA,137.01,NA
"USSN",22,"USSN22ILU","ILU",26,"LINE26",0.94,60.45,10.34,11.26,NA,135.95,NA
"USSN",22,"USSN22ILU","ILU",27,"LINE27",1.09363636363636,15.25,12.03,18.19,NA,137.46,NA
"USSN",22,"USSN22ILU","ILU",28,"LINE28",6.20818181818182,86.55,68.29,56.66,NA,136.95,NA
"USSN",22,"USSN22ILU","ILU",29,"LINE29",3.07181818181818,54.91,33.79,33.72,NA,137.52,NA
"USSN",22,"USSN22ILU","ILU",30,"LINE30",3.19,36.97,35.09,30.72,NA,138.94,NA
"USSN",22,"USSN22ILU","ILU",31,"LINE31",5.73181818181818,82.9,63.05,58.47,NA,136.48,NA
"USSN",22,"USSN22ILU","ILU",32,"LINE32",2.45909090909091,73.61,27.05,47.38,NA,137.58,NA
"USSN",22,"USSN22ILU","ILU",33,"LINE33",4.60454545454545,93.85,50.65,59.8,NA,136,NA
"USSN",22,"USSN22ILU","ILU",34,"LINE34",6.54454545454545,89.35,71.99,82.83,NA,137.56,NA
"USSN",22,"USSN22ILU","ILU",35,"LINE35",8.17545454545455,90.62,89.93,83.31,NA,136.99,NA
"USSN",22,"USSN22ILU","ILU",36,"LINE36",1.87,71.66,20.57,54.01,NA,140.01,NA
"USSN",22,"USSN22ILU","ILU",37,"LINE37",2.24818181818182,72.42,24.73,41.62,NA,137.94,NA
"USSN",22,"USSN22ILU","ILU",38,"LINE38",5.33272727272727,66.32,58.66,34.46,NA,136.95,NA
"USSN",22,"USSN22ILU","ILU",39,"LINE39",5.01181818181818,58.16,55.13,67.72,NA,137.5,NA
"USSN",22,"USSN22ILU","ILU",40,"LINE40",2.59545454545455,86.53,28.55,68.47,NA,138.48,NA
"USSN",22,"USSN22ILU","ILU",41,"LINE41",3.97181818181818,73.99,43.69,55.22,NA,138.58,NA
"USSN",22,"USSN22ILU","ILU",42,"LINE42",6.84545454545454,96.52,75.3,77.95,NA,136.95,NA
"USSN",22,"USSN22ILU","ILU",43,"LINE43",7.21181818181818,90.43,79.33,69.7,NA,134.48,NA
"USSN",22,"USSN22ILU","ILU",44,"LINE44",6.43909090909091,78.56,70.83,69.63,NA,136.46,NA
"USSN",22,"USSN22ILU","ILU",45,"LINE45",4.09454545454545,51.61,45.04,68.6,NA,140.07,NA
"USSN",22,"USSN22ILU","ILU",46,"LINE46",2.48454545454545,76.24,27.33,43.28,NA,134.96,NA
"USSN",22,"USSN22ILU","ILU",47,"LINE47",2.66181818181818,93.43,29.28,58.39,NA,136.44,NA
"USSN",22,"USSN22ILU","ILU",48,"LINE48",2.18636363636364,66.44,24.05,50.2,NA,137.05,NA
"USSN",22,"USSN22ILU","ILU",49,"LINE49",3.85545454545455,92.94,42.41,81.88,NA,136.96,NA
"USSN",22,"USSN22ILU","ILU",50,"LINE50",4.70909090909091,88.43,51.8,60.06,NA,136.99,NA
"USSN",22,"USSN22ILU","ILU",51,"LINE51",3.56818181818182,58.45,39.25,61.32,NA,138.52,NA
"USSN",22,"USSN22ILU","ILU",52,"LINE52",3.61363636363636,90.41,39.75,56.2,NA,136.46,NA
"USSN",22,"USSN22ILU","ILU",53,"LINE53",1.93909090909091,87.45,21.33,45.75,NA,136.03,NA
"USSN",22,"USSN22ILU","ILU",54,"LINE54",5.89363636363636,60.91,64.83,69.09,NA,137.99,NA
"USSN",22,"USSN22ILU","ILU",55,"LINE55",7.84909090909091,92.38,86.34,73.7,NA,137.5,NA
"USSN",22,"USSN22ILU","ILU",56,"LINE56",2.27454545454545,87.87,25.02,70.32,NA,138.03,NA
"USSN",22,"USSN22ILU","ILU",57,"LINE57",1.23636363636364,50.58,13.6,48.29,NA,137.5,NA
"USSN",22,"USSN22ILU","ILU",58,"LINE58",2.27909090909091,78.6,25.07,45.36,NA,136.04,NA
"USSN",22,"USSN22ILU","ILU",59,"LINE59",2.34090909090909,35.01,25.75,40.3,NA,139.93,NA
"USSN",22,"USSN22ILU","ILU",60,"LINE60",6.28363636363636,79.32,69.12,51,NA,138,NA
"USSN",22,"USSN22ILU","ILU",61,"LINE61",1.46454545454545,91.38,16.11,56.14,NA,138.09,NA
"USSN",22,"USSN22ILU","ILU",62,"LINE62",4.66636363636364,93.03,51.33,50.24,NA,136.02,NA
"USSN",22,"USSN22ILU","ILU",63,"LINE63",7.67272727272727,82.32,84.4,57.55,NA,137.52,NA
"USSN",22,"USSN22ILU","ILU",64,"LINE64",4.86,71.59,53.46,47.77,NA,136.97,NA
"USSN",22,"USSN22ILU","ILU",65,"LINE65",4.49545454545455,84.39,49.45,46.46,NA,136.96,NA
"USSN",22,"USSN22ILU","ILU",66,"LINE66",1.72727272727273,60.73,19,49.06,NA,138.57,NA
"USSN",22,"USSN22KYL","KYL",1,"LINE1",1,NA,NA,NA,NA,NA,NA
"USSN",22,"USSN22KYL","KYL",2,"LINE2",6.5,NA,NA,NA,NA,NA,NA
"USSN",22,"USSN22KYL","KYL",3,"LINE3",4.5,NA,NA,NA,NA,NA,NA
"USSN",22,"USSN22KYL","KYL",4,"LINE4",2.5,NA,NA,NA,NA,NA,NA
"USSN",22,"USSN22KYL","KYL",5,"LINE5",7,NA,NA,NA,NA,NA,NA
"USSN",22,"USSN22KYL","KYL",6,"LINE6",3,NA,NA,NA,NA,NA,NA
"USSN",22,"USSN22KYL","KYL",7,"LINE7",2.5,NA,NA,NA,NA,NA,NA
"USSN",22,"USSN22KYL","KYL",8,"LINE8",4,NA,NA,NA,NA,NA,NA
"USSN",22,"USSN22KYL","KYL",9,"LINE9",1.5,NA,NA,NA,NA,NA,NA
"USSN",22,"USSN22KYL","KYL",10,"LINE10",4,NA,NA,NA,NA,NA,NA
"USSN",22,"USSN22KYL","KYL",11,"LINE11",1,NA,NA,NA,NA,NA,NA
"USSN",22,"USSN22KYL","KYL",12,"LINE12",2,NA,NA,NA,NA,NA,NA
"USSN",22,"USSN22KYL","KYL",13,"LINE13",2.5,NA,NA,NA,NA,NA,NA
"USSN",22,"USSN22KYL","KYL",14,"LINE14",4,NA,NA,NA,NA,NA,NA
"USSN",22,"USSN22KYL","KYL",15,"LINE15",1.5,NA,NA,NA,NA,NA,NA
"USSN",22,"USSN22KYL","KYL",16,"LINE16",4,NA,NA,NA,NA,NA,NA
"USSN",22,"USSN22KYL","KYL",17,"LINE17",4,NA,NA,NA,NA,NA,NA
"USSN",22,"USSN22KYL","KYL",18,"LINE18",2,NA,NA,NA,NA,NA,NA
"USSN",22,"USSN22KYL","KYL",19,"LINE19",1.5,NA,NA,NA,NA,NA,NA
"USSN",22,"USSN22KYL","KYL",20,"LINE20",4.5,NA,NA,NA,NA,NA,NA
"USSN",22,"USSN22KYL","KYL",21,"LINE21",5.5,NA,NA,NA,NA,NA,NA
"USSN",22,"USSN22KYL","KYL",22,"LINE22",1.5,NA,NA,NA,NA,NA,NA
"USSN",22,"USSN22KYL","KYL",23,"LINE23",3.5,NA,NA,NA,NA,NA,NA
"USSN",22,"USSN22KYL","KYL",24,"LINE24",1.5,NA,NA,NA,NA,NA,NA
"USSN",22,"USSN22KYL","KYL",25,"LINE25",3,NA,NA,NA,NA,NA,NA
"USSN",22,"USSN22KYL","KYL",26,"LINE26",4.5,NA,NA,NA,NA,NA,NA
"USSN",22,"USSN22KYL","KYL",27,"LINE27",4.5,NA,NA,NA,NA,NA,NA
"USSN",22,"USSN22KYL","KYL",28,"LINE28",4,NA,NA,NA,NA,NA,NA
"USSN",22,"USSN22KYL","KYL",29,"LINE29",2,NA,NA,NA,NA,NA,NA
"USSN",22,"USSN22KYL","KYL",30,"LINE30",1.5,NA,NA,NA,NA,NA,NA
"USSN",22,"USSN22KYL","KYL",31,"LINE31",4,NA,NA,NA,NA,NA,NA
"USSN",22,"USSN22KYL","KYL",32,"LINE32",3.5,NA,NA,NA,NA,NA,NA
"USSN",22,"USSN22KYL","KYL",33,"LINE33",5.5,NA,NA,NA,NA,NA,NA
"USSN",22,"USSN22KYL","KYL",34,"LINE34",3.5,NA,NA,NA,NA,NA,NA
"USSN",22,"USSN22KYL","KYL",35,"LINE35",4.5,NA,NA,NA,NA,NA,NA
"USSN",22,"USSN22KYL","KYL",36,"LINE36",2,NA,NA,NA,NA,NA,NA
"USSN",22,"USSN22KYL","KYL",37,"LINE37",3.5,NA,NA,NA,NA,NA,NA
"USSN",22,"USSN22KYL","KYL",38,"LINE38",4.5,NA,NA,NA,NA,NA,NA
"USSN",22,"USSN22KYL","KYL",39,"LINE39",6,NA,NA,NA,NA,NA,NA
"USSN",22,"USSN22KYL","KYL",40,"LINE40",5.5,NA,NA,NA,NA,NA,NA
"USSN",22,"USSN22KYL","KYL",41,"LINE41",4.5,NA,NA,NA,NA,NA,NA
"USSN",22,"USSN22KYL","KYL",42,"LINE42",6,NA,NA,NA,NA,NA,NA
"USSN",22,"USSN22KYL","KYL",43,"LINE43",4,NA,NA,NA,NA,NA,NA
"USSN",22,"USSN22KYL","KYL",44,"LINE44",5.5,NA,NA,NA,NA,NA,NA
"USSN",22,"USSN22KYL","KYL",45,"LINE45",2,NA,NA,NA,NA,NA,NA
"USSN",22,"USSN22KYL","KYL",46,"LINE46",6.00000000000002,NA,NA,NA,NA,NA,NA
"USSN",22,"USSN22KYL","KYL",47,"LINE47",3.5,NA,NA,NA,NA,NA,NA
"USSN",22,"USSN22KYL","KYL",48,"LINE48",5,NA,NA,NA,NA,NA,NA
"USSN",22,"USSN22KYL","KYL",49,"LINE49",3.5,NA,NA,NA,NA,NA,NA
"USSN",22,"USSN22KYL","KYL",50,"LINE50",3.5,NA,NA,NA,NA,NA,NA
"USSN",22,"USSN22KYL","KYL",51,"LINE51",2,NA,NA,NA,NA,NA,NA
"USSN",22,"USSN22KYL","KYL",52,"LINE52",4,NA,NA,NA,NA,NA,NA
"USSN",22,"USSN22KYL","KYL",53,"LINE53",3.5,NA,NA,NA,NA,NA,NA
"USSN",22,"USSN22KYL","KYL",54,"LINE54",2.5,NA,NA,NA,NA,NA,NA
"USSN",22,"USSN22KYL","KYL",55,"LINE55",5,NA,NA,NA,NA,NA,NA
"USSN",22,"USSN22KYL","KYL",56,"LINE56",3.5,NA,NA,NA,NA,NA,NA
"USSN",22,"USSN22KYL","KYL",57,"LINE57",5,NA,NA,NA,NA,NA,NA
"USSN",22,"USSN22KYL","KYL",58,"LINE58",2.5,NA,NA,NA,NA,NA,NA
"USSN",22,"USSN22KYL","KYL",59,"LINE59",2,NA,NA,NA,NA,NA,NA
"USSN",22,"USSN22KYL","KYL",60,"LINE60",1,NA,NA,NA,NA,NA,NA
"USSN",22,"USSN22KYL","KYL",61,"LINE61",3.5,NA,NA,NA,NA,NA,NA
"USSN",22,"USSN22KYL","KYL",62,"LINE62",5.5,NA,NA,NA,NA,NA,NA
"USSN",22,"USSN22KYL","KYL",63,"LINE63",3.5,NA,NA,NA,NA,NA,NA
"USSN",22,"USSN22KYL","KYL",64,"LINE64",5,NA,NA,NA,NA,NA,NA
"USSN",22,"USSN22KYL","KYL",65,"LINE65",2.5,NA,NA,NA,NA,NA,NA
"USSN",22,"USSN22KYL","KYL",66,"LINE66",4,NA,NA,NA,NA,NA,NA
"USSN",22,"USSN22LAA","LAA",1,"LINE1",1,NA,NA,12.5,4.5,100.5,4
"USSN",22,"USSN22LAA","LAA",2,"LINE2",8.25,NA,NA,50,9.1,89.5,2
"USSN",22,"USSN22LAA","LAA",3,"LINE3",0.5,NA,NA,12.5,3.7,108,5
"USSN",22,"USSN22LAA","LAA",4,"LINE4",1.75,NA,NA,17.5,5.65,98.5,3.5
"USSN",22,"USSN22LAA","LAA",5,"LINE5",6.25,NA,NA,70,40.55,105,1
"USSN",22,"USSN22LAA","LAA",6,"LINE6",1,NA,NA,10,2.95,97.5,4.5
"USSN",22,"USSN22LAA","LAA",7,"LINE7",3,NA,NA,22.5,11.7,104,3
"USSN",22,"USSN22LAA","LAA",8,"LINE8",0.25,NA,NA,12.5,4.4,110,4.5
"USSN",22,"USSN22LAA","LAA",9,"LINE9",0.5,NA,NA,10,4.85,110.5,5
"USSN",22,"USSN22LAA","LAA",10,"LINE10",1.25,NA,NA,17.5,4.1,109.5,3.5
"USSN",22,"USSN22LAA","LAA",11,"LINE11",0.5,NA,NA,10,4.45,110,4.5
"USSN",22,"USSN22LAA","LAA",12,"LINE12",0.5,NA,NA,10,4.25,107.5,4
"USSN",22,"USSN22LAA","LAA",13,"LINE13",2,NA,NA,10,2.55,92,3.5
"USSN",22,"USSN22LAA","LAA",14,"LINE14",5,NA,NA,27.5,9.05,103,2.5
"USSN",22,"USSN22LAA","LAA",15,"LINE15",0.75,NA,NA,15,3.8,96.5,3
"USSN",22,"USSN22LAA","LAA",16,"LINE16",3,NA,NA,30,10.15,101.5,3
"USSN",22,"USSN22LAA","LAA",17,"LINE17",1.75,NA,NA,17.5,7.4,97.5,3
"USSN",22,"USSN22LAA","LAA",18,"LINE18",1.5,NA,NA,5,2.15,91.5,5
"USSN",22,"USSN22LAA","LAA",19,"LINE19",0,NA,NA,5.5,1.22,88,5
"USSN",22,"USSN22LAA","LAA",20,"LINE20",2,NA,NA,7.5,2.5,91,5
"USSN",22,"USSN22LAA","LAA",21,"LINE21",1.5,NA,NA,15,5.9,111.5,3.5
"USSN",22,"USSN22LAA","LAA",22,"LINE22",4.5,NA,NA,35,7.55,106,2.5
"USSN",22,"USSN22LAA","LAA",23,"LINE23",3.75,NA,NA,27.5,7.45,100,3
"USSN",22,"USSN22LAA","LAA",24,"LINE24",3.25,NA,NA,20,5.25,101,2.5
"USSN",22,"USSN22LAA","LAA",25,"LINE25",0.5,NA,NA,5,1.6,112,3
"USSN",22,"USSN22LAA","LAA",26,"LINE26",0.5,NA,NA,5,1.25,108,4
"USSN",22,"USSN22LAA","LAA",27,"LINE27",1,NA,NA,12.5,3.85,111,4
"USSN",22,"USSN22LAA","LAA",28,"LINE28",1.5,NA,NA,10,3.45,108,4
"USSN",22,"USSN22LAA","LAA",29,"LINE29",1.25,NA,NA,12.5,3.35,109,3
"USSN",22,"USSN22LAA","LAA",30,"LINE30",5,NA,NA,20,6,88.5,3
"USSN",22,"USSN22LAA","LAA",31,"LINE31",5.25,NA,NA,30,11,95.5,3
"USSN",22,"USSN22LAA","LAA",32,"LINE32",2,NA,NA,20,6.6,105,3
"USSN",22,"USSN22LAA","LAA",33,"LINE33",5.5,NA,NA,62.5,35.75,104,1.5
"USSN",22,"USSN22LAA","LAA",34,"LINE34",5.25,NA,NA,42.5,8.7,97.5,2.5
"USSN",22,"USSN22LAA","LAA",35,"LINE35",5,NA,NA,35,13.3,102.5,2.5
"USSN",22,"USSN22LAA","LAA",36,"LINE36",3.25,NA,NA,20,4.1,91.5,2.5
"USSN",22,"USSN22LAA","LAA",37,"LINE37",1,NA,NA,22.5,3.25,97.5,3.5
"USSN",22,"USSN22LAA","LAA",38,"LINE38",2.25,NA,NA,25,7.3,106,2.5
"USSN",22,"USSN22LAA","LAA",39,"LINE39",4.25,NA,NA,35,9.6,100,2
"USSN",22,"USSN22LAA","LAA",40,"LINE40",3.25,NA,NA,20,8.5,104,3
"USSN",22,"USSN22LAA","LAA",41,"LINE41",3.25,NA,NA,25,11.05,105.5,2.5
"USSN",22,"USSN22LAA","LAA",42,"LINE42",5.75,NA,NA,55,22,103,2
"USSN",22,"USSN22LAA","LAA",43,"LINE43",5,NA,NA,45,15.15,103.5,2.5
"USSN",22,"USSN22LAA","LAA",44,"LINE44",1,NA,NA,17.5,5.15,111,3
"USSN",22,"USSN22LAA","LAA",45,"LINE45",2.5,NA,NA,25,9,95.5,3
"USSN",22,"USSN22LAA","LAA",46,"LINE46",3.25,NA,NA,22.5,7.25,102,2.5
"USSN",22,"USSN22LAA","LAA",47,"LINE47",1.5,NA,NA,30,27.4,107.5,2.5
"USSN",22,"USSN22LAA","LAA",48,"LINE48",2.75,NA,NA,20,7.1,102.5,2
"USSN",22,"USSN22LAA","LAA",49,"LINE49",3.75,NA,NA,37.5,10.35,101.5,2.5
"USSN",22,"USSN22LAA","LAA",50,"LINE50",3.75,NA,NA,37.5,8.55,99,2
"USSN",22,"USSN22LAA","LAA",51,"LINE51",1.75,NA,NA,17.5,6.7,103,2.5
"USSN",22,"USSN22LAA","LAA",52,"LINE52",4,NA,NA,22.5,7.5,98.5,3
"USSN",22,"USSN22LAA","LAA",53,"LINE53",1,NA,NA,12.5,4.45,112,3
"USSN",22,"USSN22LAA","LAA",54,"LINE54",1.25,NA,NA,22.5,12.45,109,2.5
"USSN",22,"USSN22LAA","LAA",55,"LINE55",5.5,NA,NA,27.5,11.45,110,2
"USSN",22,"USSN22LAA","LAA",56,"LINE56",1.5,NA,NA,12.5,4.7,111,2.5
"USSN",22,"USSN22LAA","LAA",57,"LINE57",2,NA,NA,20,4.2,97.5,3
"USSN",22,"USSN22LAA","LAA",58,"LINE58",3.75,NA,NA,30,9.1,103.5,2
"USSN",22,"USSN22LAA","LAA",59,"LINE59",2.75,NA,NA,20,5.2,98.5,4
"USSN",22,"USSN22LAA","LAA",60,"LINE60",4.5,NA,NA,32.5,9.95,93,3
"USSN",22,"USSN22LAA","LAA",61,"LINE61",1,NA,NA,27.5,14.35,109,3
"USSN",22,"USSN22LAA","LAA",62,"LINE62",2.25,NA,NA,20,4.65,97,3.5
"USSN",22,"USSN22LAA","LAA",63,"LINE63",6.25,NA,NA,27.5,7.6,89.5,3
"USSN",22,"USSN22LAA","LAA",64,"LINE64",3.25,NA,NA,20,6.1,92,3.5
"USSN",22,"USSN22LAA","LAA",65,"LINE65",1.5,NA,NA,15,4.75,91.5,3.5
"USSN",22,"USSN22LAA","LAA",66,"LINE66",3.75,NA,NA,25,8.85,99,2.5
"USSN",22,"USSN22LAW","LAW",1,"LINE1",1.5,NA,NA,7.5,1.625,103.5,4
"USSN",22,"USSN22LAW","LAW",2,"LINE2",5,NA,NA,20,4.9,101,3
"USSN",22,"USSN22LAW","LAW",3,"LINE3",0.5,NA,NA,3,0.61,109,5
"USSN",22,"USSN22LAW","LAW",4,"LINE4",2,NA,NA,15,2.25,97.5,3
"USSN",22,"USSN22LAW","LAW",5,"LINE5",1.5,NA,NA,40,9.95,106,2.5
"USSN",22,"USSN22LAW","LAW",6,"LINE6",1,NA,NA,5,1.65,104,4
"USSN",22,"USSN22LAW","LAW",7,"LINE7",1,NA,NA,10,2.1,109,3
"USSN",22,"USSN22LAW","LAW",8,"LINE8",0,NA,NA,12.5,1.5,115,3.5
"USSN",22,"USSN22LAW","LAW",9,"LINE9",0,NA,NA,7.5,0.99,111.5,3
"USSN",22,"USSN22LAW","LAW",10,"LINE10",0.5,NA,NA,12.5,2.1,113,3
"USSN",22,"USSN22LAW","LAW",11,"LINE11",0.5,NA,NA,5,0.925,113,3.5
"USSN",22,"USSN22LAW","LAW",12,"LINE12",1,NA,NA,10,2,113,3
"USSN",22,"USSN22LAW","LAW",13,"LINE13",1.5,NA,NA,7.5,1.5,99,4.5
"USSN",22,"USSN22LAW","LAW",14,"LINE14",1,NA,NA,10,2.6,105,2.5
"USSN",22,"USSN22LAW","LAW",15,"LINE15",1.5,NA,NA,10,3.2,98.5,3.5
"USSN",22,"USSN22LAW","LAW",16,"LINE16",1,NA,NA,17.5,4.05,105,4
"USSN",22,"USSN22LAW","LAW",17,"LINE17",2.5,NA,NA,17.5,3.65,100.5,3.5
"USSN",22,"USSN22LAW","LAW",18,"LINE18",2,NA,NA,10,0.965,97,4
"USSN",22,"USSN22LAW","LAW",19,"LINE19",3.5,NA,NA,5.5,1.005,93.5,5
"USSN",22,"USSN22LAW","LAW",20,"LINE20",2,NA,NA,10,1.85,96,4
"USSN",22,"USSN22LAW","LAW",21,"LINE21",0,NA,NA,15,4.7,113,2
"USSN",22,"USSN22LAW","LAW",22,"LINE22",1,NA,NA,15,2.9,108,3
"USSN",22,"USSN22LAW","LAW",23,"LINE23",2,NA,NA,20,3.7,103,3
"USSN",22,"USSN22LAW","LAW",24,"LINE24",1,NA,NA,5,1.3,105,2.5
"USSN",22,"USSN22LAW","LAW",25,"LINE25",0.5,NA,NA,5.5,0.655,109,2
"USSN",22,"USSN22LAW","LAW",26,"LINE26",0.5,NA,NA,5,0.895,108,3
"USSN",22,"USSN22LAW","LAW",27,"LINE27",0.5,NA,NA,10,1.035,109,3
"USSN",22,"USSN22LAW","LAW",28,"LINE28",0.5,NA,NA,5,1.45,113,5
"USSN",22,"USSN22LAW","LAW",29,"LINE29",0.5,NA,NA,7.5,2,108,3.5
"USSN",22,"USSN22LAW","LAW",30,"LINE30",3.5,NA,NA,15,5.55,94,4
"USSN",22,"USSN22LAW","LAW",31,"LINE31",3.5,NA,NA,32.5,8.25,96,3
"USSN",22,"USSN22LAW","LAW",32,"LINE32",1,NA,NA,17.5,4.55,108,3
"USSN",22,"USSN22LAW","LAW",33,"LINE33",2.5,NA,NA,42.5,15.95,105,2.5
"USSN",22,"USSN22LAW","LAW",34,"LINE34",2.5,NA,NA,17.5,2.95,102,3
"USSN",22,"USSN22LAW","LAW",35,"LINE35",1,NA,NA,17.5,3.25,108,3.5
"USSN",22,"USSN22LAW","LAW",36,"LINE36",1.5,NA,NA,15,1.95,99.5,3
"USSN",22,"USSN22LAW","LAW",37,"LINE37",2.5,NA,NA,15,2.55,99,3
"USSN",22,"USSN22LAW","LAW",38,"LINE38",1,NA,NA,10,1.7,104.5,4
"USSN",22,"USSN22LAW","LAW",39,"LINE39",2.5,NA,NA,27.5,6.65,104,3
"USSN",22,"USSN22LAW","LAW",40,"LINE40",2,NA,NA,25,4.4,105,2.5
"USSN",22,"USSN22LAW","LAW",41,"LINE41",2,NA,NA,37.5,6.05,105,2.5
"USSN",22,"USSN22LAW","LAW",42,"LINE42",1.5,NA,NA,45,9.25,105,2.5
"USSN",22,"USSN22LAW","LAW",43,"LINE43",2,NA,NA,25,6.05,104.5,3
"USSN",22,"USSN22LAW","LAW",44,"LINE44",0.5,NA,NA,20,2.9,107.5,3
"USSN",22,"USSN22LAW","LAW",45,"LINE45",3,NA,NA,40,5.9,96,3
"USSN",22,"USSN22LAW","LAW",46,"LINE46",1,NA,NA,20,2.3,107.5,2.5
"USSN",22,"USSN22LAW","LAW",47,"LINE47",1,NA,NA,30,6.45,109,2.5
"USSN",22,"USSN22LAW","LAW",48,"LINE48",1,NA,NA,12.5,2.5,109,2.5
"USSN",22,"USSN22LAW","LAW",49,"LINE49",1.5,NA,NA,32.5,3.7,105.5,3
"USSN",22,"USSN22LAW","LAW",50,"LINE50",3,NA,NA,22.5,4.2,101,3
"USSN",22,"USSN22LAW","LAW",51,"LINE51",1,NA,NA,12.5,2.15,109,3
"USSN",22,"USSN22LAW","LAW",52,"LINE52",3,NA,NA,22.5,3.3,101,3
"USSN",22,"USSN22LAW","LAW",53,"LINE53",0.5,NA,NA,17.5,2.7,113,3
"USSN",22,"USSN22LAW","LAW",54,"LINE54",1,NA,NA,20,2.45,111.5,3
"USSN",22,"USSN22LAW","LAW",55,"LINE55",1,NA,NA,27.5,2.65,110,3
"USSN",22,"USSN22LAW","LAW",56,"LINE56",0.5,NA,NA,12.5,2.4,113,2.5
"USSN",22,"USSN22LAW","LAW",57,"LINE57",1.5,NA,NA,15,1.45,101,3
"USSN",22,"USSN22LAW","LAW",58,"LINE58",1,NA,NA,20,1.9,107,3
"USSN",22,"USSN22LAW","LAW",59,"LINE59",2,NA,NA,10,1.85,100.5,4.5
"USSN",22,"USSN22LAW","LAW",60,"LINE60",3,NA,NA,17.5,3.4,96,4
"USSN",22,"USSN22LAW","LAW",61,"LINE61",1.5,NA,NA,50,3.5,107.5,2
"USSN",22,"USSN22LAW","LAW",62,"LINE62",3,NA,NA,12.5,1.25,96,4.5
"USSN",22,"USSN22LAW","LAW",63,"LINE63",5,NA,NA,17.5,4.95,96,4.5
"USSN",22,"USSN22LAW","LAW",64,"LINE64",3,NA,NA,17.5,2,96,3.5
"USSN",22,"USSN22LAW","LAW",65,"LINE65",3,NA,NA,17.5,2.5,96,5
"USSN",22,"USSN22LAW","LAW",66,"LINE66",1,NA,NA,17.5,2.3,101,3.5
"USSN",22,"USSN22NCK","NCK",1,"LINE1",1.5,NA,NA,12.5,1.6,NA,NA
"USSN",22,"USSN22NCK","NCK",2,"LINE2",9,NA,NA,65,20.3908772,NA,NA
"USSN",22,"USSN22NCK","NCK",3,"LINE3",2.5,NA,NA,5,1.18,NA,NA
"USSN",22,"USSN22NCK","NCK",4,"LINE4",2.5,NA,NA,5,1.59,NA,NA
"USSN",22,"USSN22NCK","NCK",5,"LINE5",9,NA,NA,50,14.8,NA,NA
"USSN",22,"USSN22NCK","NCK",6,"LINE6",2,NA,NA,0,0.6,NA,NA
"USSN",22,"USSN22NCK","NCK",7,"LINE7",4,NA,NA,7.5,1.75,NA,NA
"USSN",22,"USSN22NCK","NCK",8,"LINE8",4.5,NA,NA,2.5,1.3,NA,NA
"USSN",22,"USSN22NCK","NCK",9,"LINE9",5.5,NA,NA,37.5,0.875,NA,NA
"USSN",22,"USSN22NCK","NCK",10,"LINE10",3,NA,NA,7.5,2.35,NA,NA
"USSN",22,"USSN22NCK","NCK",11,"LINE11",4.5,NA,NA,10,1.8,NA,NA
"USSN",22,"USSN22NCK","NCK",12,"LINE12",NA,NA,NA,NA,NA,NA,NA
"USSN",22,"USSN22NCK","NCK",13,"LINE13",3.5,NA,NA,20,0.665,NA,NA
"USSN",22,"USSN22NCK","NCK",14,"LINE14",1.5,NA,NA,2.5,0.55,NA,NA
"USSN",22,"USSN22NCK","NCK",15,"LINE15",3.5,NA,NA,22.5,0.385,NA,NA
"USSN",22,"USSN22NCK","NCK",16,"LINE16",2,NA,NA,24.7413793,0.9291228,NA,NA
"USSN",22,"USSN22NCK","NCK",17,"LINE17",2.5,NA,NA,2.5,1.055,NA,NA
"USSN",22,"USSN22NCK","NCK",18,"LINE18",3.5,NA,NA,5,1.05,NA,NA
"USSN",22,"USSN22NCK","NCK",19,"LINE19",6,NA,NA,35,0.49,NA,NA
"USSN",22,"USSN22NCK","NCK",20,"LINE20",4,NA,NA,7.5,1.585,NA,NA
"USSN",22,"USSN22NCK","NCK",21,"LINE21",5,NA,NA,5,2.025,NA,NA
"USSN",22,"USSN22NCK","NCK",22,"LINE22",1,NA,NA,2.5,0.315,NA,NA
"USSN",22,"USSN22NCK","NCK",23,"LINE23",2,NA,NA,2.5,0.785,NA,NA
"USSN",22,"USSN22NCK","NCK",24,"LINE24",3.5,NA,NA,50.2586207,3.5908772,NA,NA
"USSN",22,"USSN22NCK","NCK",25,"LINE25",3.5,NA,NA,10,0.67,NA,NA
"USSN",22,"USSN22NCK","NCK",26,"LINE26",2,NA,NA,0,0.245,NA,NA
"USSN",22,"USSN22NCK","NCK",27,"LINE27",3,NA,NA,2.5,0.845,NA,NA
"USSN",22,"USSN22NCK","NCK",28,"LINE28",4,NA,NA,17.5,1.75,NA,NA
"USSN",22,"USSN22NCK","NCK",29,"LINE29",3,NA,NA,0,0.57,NA,NA
"USSN",22,"USSN22NCK","NCK",30,"LINE30",7.5,NA,NA,50,0.6,NA,NA
"USSN",22,"USSN22NCK","NCK",31,"LINE31",4.5,NA,NA,30,0.85,NA,NA
"USSN",22,"USSN22NCK","NCK",32,"LINE32",4,NA,NA,37.5,0.62,NA,NA
"USSN",22,"USSN22NCK","NCK",33,"LINE33",8,NA,NA,50,9.25,NA,NA
"USSN",22,"USSN22NCK","NCK",34,"LINE34",5,NA,NA,20,4.15,NA,NA
"USSN",22,"USSN22NCK","NCK",35,"LINE35",3.5,NA,NA,50.2586207,2.6908772,NA,NA
"USSN",22,"USSN22NCK","NCK",36,"LINE36",5,NA,NA,29.7413793,2.0091228,NA,NA
"USSN",22,"USSN22NCK","NCK",37,"LINE37",3.5,NA,NA,12.5,0.55,NA,NA
"USSN",22,"USSN22NCK","NCK",38,"LINE38",3.5,NA,NA,0,1.47,NA,NA
"USSN",22,"USSN22NCK","NCK",39,"LINE39",3,NA,NA,2.5,0.23,NA,NA
"USSN",22,"USSN22NCK","NCK",40,"LINE40",5,NA,NA,22.5,7.55,NA,NA
"USSN",22,"USSN22NCK","NCK",41,"LINE41",6.5,NA,NA,40,2.55,NA,NA
"USSN",22,"USSN22NCK","NCK",42,"LINE42",8,NA,NA,35,11.2,NA,NA
"USSN",22,"USSN22NCK","NCK",43,"LINE43",4.5,NA,NA,5,3.35,NA,NA
"USSN",22,"USSN22NCK","NCK",44,"LINE44",2,NA,NA,2.5,4.5,NA,NA
"USSN",22,"USSN22NCK","NCK",45,"LINE45",6,NA,NA,22.5,1.365,NA,NA
"USSN",22,"USSN22NCK","NCK",46,"LINE46",5,NA,NA,10,1.645,NA,NA
"USSN",22,"USSN22NCK","NCK",47,"LINE47",6,NA,NA,22.5,5.75,NA,NA
"USSN",22,"USSN22NCK","NCK",48,"LINE48",4.5,NA,NA,22.5,1.43,NA,NA
"USSN",22,"USSN22NCK","NCK",49,"LINE49",4,NA,NA,35.2586207,5.7908772,NA,NA
"USSN",22,"USSN22NCK","NCK",50,"LINE50",6,NA,NA,17.5,3.2,NA,NA
"USSN",22,"USSN22NCK","NCK",51,"LINE51",4.5,NA,NA,10,1.29,NA,NA
"USSN",22,"USSN22NCK","NCK",52,"LINE52",1.5,NA,NA,2.5,1.25,NA,NA
"USSN",22,"USSN22NCK","NCK",53,"LINE53",6,NA,NA,27.5,2,NA,NA
"USSN",22,"USSN22NCK","NCK",54,"LINE54",4,NA,NA,30,4.19,NA,NA
"USSN",22,"USSN22NCK","NCK",55,"LINE55",5.5,NA,NA,40,1.09,NA,NA
"USSN",22,"USSN22NCK","NCK",56,"LINE56",5,NA,NA,27.5,19.4,NA,NA
"USSN",22,"USSN22NCK","NCK",57,"LINE57",4.5,NA,NA,12.5,1.45,NA,NA
"USSN",22,"USSN22NCK","NCK",58,"LINE58",4,NA,NA,5,1.55,NA,NA
"USSN",22,"USSN22NCK","NCK",59,"LINE59",2,NA,NA,2.5,0.2,NA,NA
"USSN",22,"USSN22NCK","NCK",60,"LINE60",6.5,NA,NA,27.5,5.16,NA,NA
"USSN",22,"USSN22NCK","NCK",61,"LINE61",5.5,NA,NA,40.2586207,6.4908772,NA,NA
"USSN",22,"USSN22NCK","NCK",62,"LINE62",5,NA,NA,22.5,0.535,NA,NA
"USSN",22,"USSN22NCK","NCK",63,"LINE63",7,NA,NA,50.2586207,2.2908772,NA,NA
"USSN",22,"USSN22NCK","NCK",64,"LINE64",5.5,NA,NA,45,3.9,NA,NA
"USSN",22,"USSN22NCK","NCK",65,"LINE65",3,NA,NA,5,1.23,NA,NA
"USSN",22,"USSN22NCK","NCK",66,"LINE66",3.5,NA,NA,22.5,0.825,NA,NA
